name,phone,website,address
A1 Indian Groceries,(630) 960-4900,,"6601 Cass Ave, Westmont, IL 60559, USA"
Apna Bazaar Indian Groceries,(602) 493-5555,http://www.apnabazaaraz.com/,"3607 E Bell Rd #2, Phoenix, AZ 85032, USA"
Arrow Indian Grocery,(847) 243-4999,https://www.facebook.com/ArrowIndianGrocery,"21 N Buffalo Grove Rd, Buffalo Grove, IL 60089, USA"
Best Indian Grocery & Travels,(954) 252-0011,,"9750 Griffin Rd, Cooper City, FL 33328, USA"
Bhanu's Indian Grocery & Cuisine,(626) 291-2101,http://www.mybhanu.com/,"7246 Rosemead Blvd, San Gabriel, CA 91775, USA"
Chand's West Indian Groceries,(407) 299-4087,,"2623 N Pine Hills Rd, Orlando, FL 32808, USA"
India Bazaar,(972) 312-0114,http://www.indiabazaardfw.com/,"832 W Spring Creek Pkwy, Plano, TX 75023, USA"
India Bazaar,(972) 312-0114,http://www.indiabazaardfw.com/,"8600 N MacArthur Blvd, Irving, TX 75063, USA"
India Bazaar,(972) 312-0114,http://www.indiabazaardfw.com/,"8998 Preston Rd, Frisco, TX 75034, USA"
India Mart,(713) 782-8578,http://www.indiamarthouston.com/,"5604 Hillcroft St, Houston, TX 77036, USA"
"India Spice House - Indian Restaurant and Grocery in Eden Prairie, MN",(952) 942-8010,http://www.indiaspicehouseep.com/,"8445 Joiner Way, Eden Prairie, MN 55344, USA"
India Spices & Groceries,(323) 931-4871,,"5994 W Pico Blvd, Los Angeles, CA 90035, USA"
India Supermarket,(425) 644-4400,http://www.cheenibori.com/,"14625 NE 20th St, Bellevue, WA 98007, USA"
Indian Groceries & Spices,(414) 771-3535,http://wisindians.com/igs,"10701 W North Ave, Milwaukee, WI 53226, USA"
Indian Groceries & Spices,(847) 674-2480,http://niravproducts.com/,"8051 Central Park Ave, Skokie, IL 60076, USA"
Indian Grocery Store,(330) 928-7060,,"2619 Bailey Rd, Cuyahoga Falls, OH 44221, USA"
Indian Grocery Store,(515) 770-1213,https://www.facebook.com/Indian-grocery-store-1447643475511168/,"6630 Mills Civic Pkwy, West Des Moines, IA 50266, USA"
Indian Grocery,(803) 750-9751,http://indiangrocerysc.com/,"125 Outlet Pointe Blvd, Columbia, SC 29210, USA"
India's Grocery,(720) 565-0475,http://www.livevedalife.com/,"2877 28th St, Boulder, CO 80304, USA"
Keemat Grocers,(281) 313-4343,http://www.keematgrocers.com/,"3311 Hwy 6, Sugar Land, TX 77478, USA"
Kiran Indian Grocery,(813) 994-6202,https://m.facebook.com/kiranindiangrocery,"10042 Cross Creek Blvd, Tampa, FL 33647, USA"
Maurya Indian Grocery & Cafe,(425) 357-7148,http://www.issaquahindiangroceries.com/,"385 NW Gilman Blvd, Issaquah, WA 98027, USA"
Mayuri Mini Mart Indian Grocery,(630) 357-1738,,"790 Royal St George Dr #145, Naperville, IL 60563, USA"
Metro Spice Mart,(312) 877-5058,http://metrospicemart.com/en/,"229 S Jefferson St, Chicago, IL 60661, USA"
Mythri Indian Groceries,(303) 993-7125,http://www.mythrigroceries.com/,"9064 Forsstrom Dr B25, Lone Tree, CO 80124, USA"
New India Bazar,(415) 928-4553,https://newindiabazar.stayindemand.com/shop,"1107 Polk St, San Francisco, CA 94109, USA"
Nina's Indian & British Groceries,(949) 583-2789,http://www.ninasgrocery.net/,"23542 El Toro Rd, Lake Forest, CA 92630, USA"
Oberoi's Indian Food & Grocery,(773) 688-8676,http://www.oberoisfoodchicago.com/,"255 W 31st St, Chicago, IL 60616, USA"
PUNJAB INDIAN GROCERY STORE,(626) 576-0749,http://punjabindiastore.com/,"1300 E Main St #101, Alhambra, CA 91801, USA"
Pakistani Indian Grocery,(206) 368-7323,,"12325 Roosevelt Way NE, Seattle, WA 98125, USA"
Patel Brothers Indian Grocery,(813) 558-9090,http://www.patelbros.com/,"1251 E Fowler Ave F, Tampa, FL 33612, USA"
Patel Brothers,(718) 898-3445,http://www.patelbros.com/,"37-27 74th Street, Jackson Heights, NY 11372, USA"
Patel Brothers,(781) 893-1003,http://www.patelbros.com/,"425 Moody St, Waltham, MA 02453, USA"
Sagar Indian Grocery,(352) 861-1927,,"3405 SW College Rd # 209, Ocala, FL 34474, USA"
Satya Indian Grocery & Takeaway,(832) 781-4655,http://www.satyatakeout.com/,"12155 Shadow Creek Pkwy #118, Pearland, TX 77584, USA"
Seema Enterprises (Indian Grocery) & Seema World Travel Inc,(314) 423-9990,https://www.facebook.com/pageseema/,"10635 Page Ave, St. Louis, MO 63132, USA"
Shalimar Grocery,(425) 881-7487,,"16541 Redmond Way, Redmond, WA 98052, USA"
Southern Spices,(630) 579-9990,http://www.southern-spices.com/,"2959 Artesian Rd, Naperville, IL 60564, USA"
Spice Mart,(630) 305-4347,http://myspicemart.com/,"1552 N Aurora Rd # 114, Naperville, IL 60563, USA"
Spiceland Indian Grocery Store,(407) 829-2440,http://www.spicelandstore.com/,"870 S Sun Dr #1072, Lake Mary, FL 32746, USA"
Suchir,(630) 920-0115,,"669 N Cass Ave, Westmont, IL 60559, USA"
Sunshine indian Groceries,(818) 887-6917,http://sunshineindianplaza.com/,"Sunshine Grocery And Beauty Salon, 7518 Topanga Canyon Blvd, Canoga Park, CA 91303, USA"
Swagath Food & Groceries,(425) 214-5800,,"14504 NE 20th St, Bellevue, WA 98007, USA"
Touch of India,(281) 304-8559,http://touchofindiahouston.com/,"11700 Barker Cypress Rd E, Cypress, TX 77433, USA"
Troy Indian Groceries,(248) 526-0427,,"61 E Maple Rd, Troy, MI 48083, USA"
Vishala Grocery III,(281) 496-7864,http://www.vishalagrocerytx.com/,"13314 Westheimer Rd, Houston, TX 77077, USA"
Waddys Grocery Store,(832) 830-8067,,"1409 Robin St, Houston, TX 77019, USA"
spices of india & middle eastern groceries,(803) 772-1880,http://www.spicesofindiasc.com/,"544 St Andrews Rd, Columbia, SC 29210, USA"
