name,phone,website,address
India Cafe,(734) 622-0115,http://www.indiacafea2.com/,"1143 Broadway St, Ann Arbor, MI 48105, USA"
Swagath Indian Groceries,(248) 987-5859,,"24351 Halsted Rd, Farmington Hills, MI 48335, USA"
Troy Indian Groceries,(248) 526-0427,,"61 E Maple Rd, Troy, MI 48083, USA"
Sunshine indian Groceries,(818) 887-6917,http://sunshineindianplaza.com/,"Sunshine Grocery And Beauty Salon, 7518 Topanga Canyon Blvd, Canoga Park, CA 91303, USA"
Best Indian Grocery & Travels,(954) 252-0011,,"9750 Griffin Rd, Cooper City, FL 33328, USA"
"India Spice House - Indian Restaurant and Grocery in Eden Prairie, MN",(952) 942-8010,http://www.indiaspicehouseep.com/,"8445 Joiner Way, Eden Prairie, MN 55344, USA"
India Grocers,(248) 888-0821,http://www.allindiagrocers.com/,"39261 Grand River Ave, Farmington Hills, MI 48335, USA"
Seema Enterprises (Indian Grocery) & Seema World Travel Inc,(314) 423-9990,https://www.facebook.com/pageseema/,"10635 Page Ave, St. Louis, MO 63132, USA"
Arrow Indian Grocery,(847) 243-4999,https://www.facebook.com/ArrowIndianGrocery,"21 N Buffalo Grove Rd, Buffalo Grove, IL 60089, USA"
Bhanu's Indian Grocery & Cuisine,(626) 291-2101,http://www.mybhanu.com/,"7246 Rosemead Blvd, San Gabriel, CA 91775, USA"
Patel Brothers,(734) 427-4445,http://patelbros.com/,"28684 Ford Rd, Garden City, MI 48135, USA"
India's Grocery,(720) 565-0475,http://www.livevedalife.com/,"2877 28th St, Boulder, CO 80304, USA"
Indian Groceries & Spices,(414) 771-3535,http://wisindians.com/igs,"10701 W North Ave, Milwaukee, WI 53226, USA"
Indian Grocery Store,(330) 928-7060,,"2619 Bailey Rd, Cuyahoga Falls, OH 44221, USA"
spices of india & middle eastern groceries,(803) 772-1880,http://www.spicesofindiasc.com/,"544 St Andrews Rd, Columbia, SC 29210, USA"
Mythri Indian Groceries,(303) 993-7125,http://www.mythrigroceries.com/,"9064 Forsstrom Dr B25, Lone Tree, CO 80124, USA"
Patel Brothers Indian Grocery,(813) 558-9090,http://www.patelbros.com/,"1251 E Fowler Ave F, Tampa, FL 33612, USA"
Spiceland Indian Groceries,(803) 796-5780,http://spiceindiagrocery.com/,"127 Dreher Rd, West Columbia, SC 29169, USA"
India Bazaar,(972) 312-0114,http://www.indiabazaardfw.com/,"832 W Spring Creek Pkwy, Plano, TX 75023, USA"
Namaste Indian Grocery,(585) 424-2980,http://www.shopatnamaste.com/,"3047 W Henrietta Rd, Rochester, NY 14623, USA"
name,phone,website,address
Metro Market,(312) 906-3876,http://www.metrospicemart.com/en/,"300 N Canal St # 3, Chicago, IL 60606, USA"
Metro Spice Mart,(312) 877-5058,http://metrospicemart.com/en/,"229 S Jefferson St, Chicago, IL 60661, USA"
Oberoi's Indian Food & Grocery,(773) 688-8676,http://www.oberoisfoodchicago.com/,"255 W 31st St, Chicago, IL 60616, USA"
Indian Grocery & Imports,(773) 262-7777,,"2610 W Devon Ave, Chicago, IL 60659, USA"
Indian Groceries & Spices,(847) 674-2480,http://niravproducts.com/,"8051 Central Park Ave, Skokie, IL 60076, USA"
A1 Indian Groceries,(630) 960-4900,,"6601 Cass Ave, Westmont, IL 60559, USA"
Arrow Indian Grocery,(847) 243-4999,https://www.facebook.com/ArrowIndianGrocery,"21 N Buffalo Grove Rd, Buffalo Grove, IL 60089, USA"
PRABHU INDIAN GROCERIES,(847) 537-1010,,"1213 N Elmhurst Rd, Prospect Heights, IL 60070, USA"
Kairali Grocery & Food,(847) 729-2100,http://www.kairalifoods.com/,"777 N Milwaukee Ave, Glenview, IL 60025, USA"
Mayuri Mini Mart Indian Grocery,(630) 357-1738,,"790 Royal St George Dr #145, Naperville, IL 60563, USA"
Sinbad Pakistan And Indian Grocery,(847) 674-9999,,"4911 Dempster St, Skokie, IL 60077, USA"
Sunshine indian Groceries,(818) 887-6917,http://sunshineindianplaza.com/,"Sunshine Grocery And Beauty Salon, 7518 Topanga Canyon Blvd, Canoga Park, CA 91303, USA"
Nepal House Restaurant,(312) 922-0601,http://nepalhouseonline.com/,"1301 S Michigan Ave, Chicago, IL 60605, USA"
Suchir,(630) 920-0115,,"669 N Cass Ave, Westmont, IL 60559, USA"
South Loop Market,(312) 583-1890,http://southloopmarket.com/,"235 W Van Buren St, Chicago, IL 60607, USA"
Spice Mart,(630) 305-4347,http://myspicemart.com/,"1552 N Aurora Rd # 114, Naperville, IL 60563, USA"
Southern Spices,(630) 579-9990,http://www.southern-spices.com/,"2959 Artesian Rd, Naperville, IL 60564, USA"
Siri Grocery,(630) 398-4831,http://www.sirigrocery.com/,"947 IL-59, Bartlett, IL 60103, USA"
Spice Bazaar Grocers,(847) 549-0065,,"131 W Townline Rd, Vernon Hills, IL 60061, USA"
Mughal India,(312) 431-8029,https://www.mughalindiachi.com/,"560 W Van Buren St, Chicago, IL 60607, USA"
name,phone,website,address
Cherians International Groceries,(404) 299-0842,http://www.cherians.com/,"751 Dekalb Industrial Way, Decatur, GA 30033, USA"
Indian Bazaar,(770) 455-3128,,"4639 N Shallowford Rd H, Atlanta, GA 30338, USA"
Suvidha Indo-Pak Groceries,(770) 419-7112,http://www.suvidhaonline.com/,"425 Ernest W Barrett Pkwy NW, Kennesaw, GA 30144, USA"
India Plaza,(678) 867-0388,http://indiaplazallc.com/,"2905 Jordan Ct, Alpharetta, GA 30004, USA"
Star Indian Grocery Store,(678) 519-4124,http://www.starofindiaptc.com/,"232 Commerce Dr, Peachtree City, GA 30269, USA"
Sunshine indian Groceries,(818) 887-6917,http://sunshineindianplaza.com/,"Sunshine Grocery And Beauty Salon, 7518 Topanga Canyon Blvd, Canoga Park, CA 91303, USA"
Shivam Groceries,(770) 971-7448,http://shivamgroceries.com/,"1812 Lower Roswell Rd, Marietta, GA 30068, USA"
Spices Hut,(770) 410-9477,http://spiceshut.com/,"4150 Old Milton Pkwy #124, Alpharetta, GA 30005, USA"
Cherians International Fresh Market,(770) 888-4141,http://cherians.com/,"2255 Callaway Ct, Cumming, GA 30041, USA"
Best Indian Grocery & Travels,(954) 252-0011,,"9750 Griffin Rd, Cooper City, FL 33328, USA"
Sai Indian Groceries,(706) 569-0006,http://saiindianstores.dk/,"6381 Milgen Rd # 7, Columbus, GA 31907, USA"
"India Spice House - Indian Restaurant and Grocery in Eden Prairie, MN",(952) 942-8010,http://www.indiaspicehouseep.com/,"8445 Joiner Way, Eden Prairie, MN 55344, USA"
Patel Brothers Indian Grocery,(813) 558-9090,http://www.patelbros.com/,"1251 E Fowler Ave F, Tampa, FL 33612, USA"
spices of india & middle eastern groceries,(803) 772-1880,http://www.spicesofindiasc.com/,"544 St Andrews Rd, Columbia, SC 29210, USA"
Seema Enterprises (Indian Grocery) & Seema World Travel Inc,(314) 423-9990,https://www.facebook.com/pageseema/,"10635 Page Ave, St. Louis, MO 63132, USA"
Bhanu's Indian Grocery & Cuisine,(626) 291-2101,http://www.mybhanu.com/,"7246 Rosemead Blvd, San Gabriel, CA 91775, USA"
India's Grocery,(720) 565-0475,http://www.livevedalife.com/,"2877 28th St, Boulder, CO 80304, USA"
Arrow Indian Grocery,(847) 243-4999,https://www.facebook.com/ArrowIndianGrocery,"21 N Buffalo Grove Rd, Buffalo Grove, IL 60089, USA"
Spiceland Indian Groceries,(803) 796-5780,http://spiceindiagrocery.com/,"127 Dreher Rd, West Columbia, SC 29169, USA"
Mythri Indian Groceries,(303) 993-7125,http://www.mythrigroceries.com/,"9064 Forsstrom Dr B25, Lone Tree, CO 80124, USA"
name,phone,website,address
Dual Specialty,(212) 979-6045,http://www.dualspecialtystorenyc.com/,"91 1st Avenue #3, New York, NY 10003, USA"
Patel's Cash & Carry,(201) 222-7572,http://www.patelbros.com/,"783 Newark Ave, Jersey City, NJ 07306, USA"
Patel Brothers,(718) 898-3445,http://www.patelbros.com/,"37-27 74th Street, Jackson Heights, NY 11372, USA"
Patel Brothers,(718) 661-1112,http://www.patelbros.com/,"42-92 Main St, Flushing, NY 11355, USA"
Narmada Indian Groceries,(973) 798-2822,http://narmadagroceries.com/,"58 Main Ave, Clifton, NJ 07014, USA"
Annapurna Indian Grocery,(201) 692-0332,,"561 Cedar Ln, Teaneck, NJ 07666, USA"
Indian Groceries & Spices Inc,(732) 815-9550,,"721 E Lincoln Ave, Rahway, NJ 07065, USA"
Indian Grocery Outlet,(732) 393-9200,http://www.orderigo.com/,"180 Talmadge Rd, Edison, NJ 08817, USA"
Patel Brothers,(718) 470-1356,http://www.patelbros.com/,"251-08 Hillside Avenue, Queens, NY 11426, USA"
Tri-Star Indian Grocery,(201) 387-6117,,"68 S Washington Ave, Bergenfield, NJ 07621, USA"
Ravi West Indian Grocery,(908) 753-2800,,"202 Clinton Ave, Plainfield, NJ 07063, USA"
Grocery Babu LLC.,(908) 686-1500,http://www.grocerybabu.com/,"1090 Springfield Rd, Union, NJ 07083, USA"
Ethnic Spice Indian Groceries,(732) 577-6300,,"130 S Main St, Marlboro Township, NJ 07746, USA"
Sunshine indian Groceries,(818) 887-6917,http://sunshineindianplaza.com/,"Sunshine Grocery And Beauty Salon, 7518 Topanga Canyon Blvd, Canoga Park, CA 91303, USA"
Rahi Stores,(908) 450-7999,http://rahistores.com/,"1302 Prince Rodgers Ave, Bridgewater, NJ 08807, USA"
Subzi Bazaar,(201) 880-7773,,"194 NJ-17, Rochelle Park, NJ 07662, USA"
Sahadi's,(718) 624-4550,http://www.sahadis.com/,"187 Atlantic Ave, Brooklyn, NY 11201, USA"
Subzi Mandi Cash & Carry,(732) 819-9606,,"1347 Stelton Rd, Piscataway Township, NJ 08854, USA"
Delight Big Bazaar,(973) 588-5859,,"1470 US-46, Parsippany, NJ 07054, USA"
Apna Punjab Indian Grocery,(610) 317-8627,,"3650 Nazareth Pike, Bethlehem, PA 18020, USA"
name,phone,website,address
Shalimar Foods & Spices,(617) 868-8311,http://shalimarfoodandspicema.com/,"571 Massachusetts Ave, Cambridge, MA 02139, USA"
Little India,(617) 623-1786,,"438 Somerville Ave, Somerville, MA 02143, USA"
Balaji Indian Groceries,(781) 322-0270,https://www.facebook.com/balajiindiangroceries,"517 Main St, Malden, MA 02148, USA"
Sam's Variety indian grocery store,(617) 328-9135,,"125 Billings Rd, North Quincy, MA 02171, USA"
Patel Brothers,(781) 893-1003,http://www.patelbros.com/,"425 Moody St, Waltham, MA 02453, USA"
EZ Indian Grocery Store,(781) 937-6996,https://www.facebook.com/EZIndiangrocery,"12 Walnut St, Woburn, MA 01801, USA"
South Shore India Market,(781) 848-8937,,"226 Quincy Ave, Braintree, MA 02184, USA"
Waltham India Market,(781) 899-6018,http://www.indiamarket.co/,"315 Moody St, Waltham, MA 02453, USA"
College Convenience,(617) 267-2009,http://www.foodler.com/MA/Boston/Convenience/Convenience-Store/6500.html,"281 Huntington Ave, Boston, MA 02115, USA"
Maruti Indian Grocery,(978) 441-1505,http://marutiindiangrocery.business.site/,"1290 Westford St J, Lowell, MA 01851, USA"
Apna Bazar,(781) 255-1777,https://www.facebook.com/ApnaBazarNorwood/,"989 Boston Providence Hwy, Norwood, MA 02062, USA"
Raja & Rana's Indian Market,(781) 272-3808,,"232 Cambridge St, Burlington, MA 01803, USA"
Jay Ambe Indian Grocery,(978) 937-3973,,"1695 Middlesex St, Lowell, MA 01851, USA"
Flavors of India,(978) 670-0021,,"530 Boston Rd, Billerica, MA 01821, USA"
Indian Food & Spices,(508) 628-3100,,"855 Worcester Rd, Framingham, MA 01701, USA"
Patel Brothers,(508) 699-4398,http://patelbros.com/,"1190 S Washington St, North Attleborough, MA 02760, USA"
Sunshine indian Groceries,(818) 887-6917,http://sunshineindianplaza.com/,"Sunshine Grocery And Beauty Salon, 7518 Topanga Canyon Blvd, Canoga Park, CA 91303, USA"
Convenience Bazar,(508) 699-8300,,"575 E Washington St, North Attleborough, MA 02760, USA"
Patel Brothers,(508) 842-9600,http://patelbros.com/,"504 Boston Turnpike, Shrewsbury, MA 01545, USA"
India Bazzar,(781) 397-2800,,"430 Main St, Malden, MA 02148, USA"
name,phone,website,address
Pammel Grocery & Grill,(515) 292-9700,http://www.pammelgroceryames.com/,"113 Colorado Ave, Ames, IA 50014, USA"
Indian Grocery Store,(515) 770-1213,https://www.facebook.com/Indian-grocery-store-1447643475511168/,"6630 Mills Civic Pkwy, West Des Moines, IA 50266, USA"
"India Spice House - Indian Restaurant and Grocery in Eden Prairie, MN",(952) 942-8010,http://www.indiaspicehouseep.com/,"8445 Joiner Way, Eden Prairie, MN 55344, USA"
Best Indian Grocery & Travels,(954) 252-0011,,"9750 Griffin Rd, Cooper City, FL 33328, USA"
Sunshine indian Groceries,(818) 887-6917,http://sunshineindianplaza.com/,"Sunshine Grocery And Beauty Salon, 7518 Topanga Canyon Blvd, Canoga Park, CA 91303, USA"
Bhanu's Indian Grocery & Cuisine,(626) 291-2101,http://www.mybhanu.com/,"7246 Rosemead Blvd, San Gabriel, CA 91775, USA"
India's Grocery,(720) 565-0475,http://www.livevedalife.com/,"2877 28th St, Boulder, CO 80304, USA"
Seema Enterprises (Indian Grocery) & Seema World Travel Inc,(314) 423-9990,https://www.facebook.com/pageseema/,"10635 Page Ave, St. Louis, MO 63132, USA"
Mythri Indian Groceries,(303) 993-7125,http://www.mythrigroceries.com/,"9064 Forsstrom Dr B25, Lone Tree, CO 80124, USA"
Arrow Indian Grocery,(847) 243-4999,https://www.facebook.com/ArrowIndianGrocery,"21 N Buffalo Grove Rd, Buffalo Grove, IL 60089, USA"
Indian Groceries & Spices,(414) 771-3535,http://wisindians.com/igs,"10701 W North Ave, Milwaukee, WI 53226, USA"
spices of india & middle eastern groceries,(803) 772-1880,http://www.spicesofindiasc.com/,"544 St Andrews Rd, Columbia, SC 29210, USA"
Patel Brothers Indian Grocery,(813) 558-9090,http://www.patelbros.com/,"1251 E Fowler Ave F, Tampa, FL 33612, USA"
India Bazaar,(972) 312-0114,http://www.indiabazaardfw.com/,"832 W Spring Creek Pkwy, Plano, TX 75023, USA"
India Bazaar,(972) 312-0114,http://www.indiabazaardfw.com/,"8998 Preston Rd, Frisco, TX 75034, USA"
India Bazaar,(972) 312-0114,http://www.indiabazaardfw.com/,"8600 N MacArthur Blvd, Irving, TX 75063, USA"
India Spices & Groceries,(323) 931-4871,,"5994 W Pico Blvd, Los Angeles, CA 90035, USA"
Troy Indian Groceries,(248) 526-0427,,"61 E Maple Rd, Troy, MI 48083, USA"
Indian Grocery Store,(330) 928-7060,,"2619 Bailey Rd, Cuyahoga Falls, OH 44221, USA"
New India Bazar,(415) 928-4553,https://newindiabazar.stayindemand.com/shop,"1107 Polk St, San Francisco, CA 94109, USA"
name,phone,website,address
Sunshine indian Groceries,(818) 887-6917,http://sunshineindianplaza.com/,"Sunshine Grocery And Beauty Salon, 7518 Topanga Canyon Blvd, Canoga Park, CA 91303, USA"
Best Indian Grocery & Travels,(954) 252-0011,,"9750 Griffin Rd, Cooper City, FL 33328, USA"
Patel Brothers Indian Grocery,(813) 558-9090,http://www.patelbros.com/,"1251 E Fowler Ave F, Tampa, FL 33612, USA"
Sagar Indian Grocery,(352) 861-1927,,"3405 SW College Rd # 209, Ocala, FL 34474, USA"
Indian Grocery Store,(330) 928-7060,,"2619 Bailey Rd, Cuyahoga Falls, OH 44221, USA"
"India Spice House - Indian Restaurant and Grocery in Eden Prairie, MN",(952) 942-8010,http://www.indiaspicehouseep.com/,"8445 Joiner Way, Eden Prairie, MN 55344, USA"
Indian Groceries & Spices,(414) 771-3535,http://wisindians.com/igs,"10701 W North Ave, Milwaukee, WI 53226, USA"
Bhanu's Indian Grocery & Cuisine,(626) 291-2101,http://www.mybhanu.com/,"7246 Rosemead Blvd, San Gabriel, CA 91775, USA"
Publix Super Market at Riverside,(904) 381-8610,http://www.publix.com/,"2033 Riverside Ave, Jacksonville, FL 32204, USA"
Mythri Indian Groceries,(303) 993-7125,http://www.mythrigroceries.com/,"9064 Forsstrom Dr B25, Lone Tree, CO 80124, USA"
Indian Grocery,(803) 750-9751,http://indiangrocerysc.com/,"125 Outlet Pointe Blvd, Columbia, SC 29210, USA"
Publix Super Market at Gateway Shopping Center,(904) 766-9101,http://www.publix.com/,"5210 Norwood Ave, Jacksonville, FL 32208, USA"
Namaste Indian Grocery,(585) 424-2980,http://www.shopatnamaste.com/,"3047 W Henrietta Rd, Rochester, NY 14623, USA"
Publix Super Market at Arlington River,(904) 721-3410,http://www.publix.com/,"5858 Atlantic Blvd, Jacksonville, FL 32207, USA"
India Bazaar,(972) 312-0114,http://www.indiabazaardfw.com/,"832 W Spring Creek Pkwy, Plano, TX 75023, USA"
India Bazaar,(972) 312-0114,http://www.indiabazaardfw.com/,"8600 N MacArthur Blvd, Irving, TX 75063, USA"
India Bazaar,(972) 312-0114,http://www.indiabazaardfw.com/,"8998 Preston Rd, Frisco, TX 75034, USA"
India's Grocery,(720) 565-0475,http://www.livevedalife.com/,"2877 28th St, Boulder, CO 80304, USA"
Indian Grocery Store,(515) 770-1213,https://www.facebook.com/Indian-grocery-store-1447643475511168/,"6630 Mills Civic Pkwy, West Des Moines, IA 50266, USA"
Spiceland Indian Grocery Store,(407) 829-2440,http://www.spicelandstore.com/,"870 S Sun Dr #1072, Lake Mary, FL 32746, USA"
name,phone,website,address
Waddys Grocery Store,(832) 830-8067,,"1409 Robin St, Houston, TX 77019, USA"
India Mart,(713) 782-8578,http://www.indiamarthouston.com/,"5604 Hillcroft St, Houston, TX 77036, USA"
Satya Indian Grocery & Takeaway,(832) 781-4655,http://www.satyatakeout.com/,"12155 Shadow Creek Pkwy #118, Pearland, TX 77584, USA"
Touch of India,(281) 304-8559,http://touchofindiahouston.com/,"11700 Barker Cypress Rd E, Cypress, TX 77433, USA"
Sunshine indian Groceries,(818) 887-6917,http://sunshineindianplaza.com/,"Sunshine Grocery And Beauty Salon, 7518 Topanga Canyon Blvd, Canoga Park, CA 91303, USA"
Keemat Grocers,(281) 313-4343,http://www.keematgrocers.com/,"3311 Hwy 6, Sugar Land, TX 77478, USA"
Vishala Grocery III,(281) 496-7864,http://www.vishalagrocerytx.com/,"13314 Westheimer Rd, Houston, TX 77077, USA"
Best Indian Grocery & Travels,(954) 252-0011,,"9750 Griffin Rd, Cooper City, FL 33328, USA"
Bhanu's Indian Grocery & Cuisine,(626) 291-2101,http://www.mybhanu.com/,"7246 Rosemead Blvd, San Gabriel, CA 91775, USA"
Mythri Indian Groceries,(303) 993-7125,http://www.mythrigroceries.com/,"9064 Forsstrom Dr B25, Lone Tree, CO 80124, USA"
"India Spice House - Indian Restaurant and Grocery in Eden Prairie, MN",(952) 942-8010,http://www.indiaspicehouseep.com/,"8445 Joiner Way, Eden Prairie, MN 55344, USA"
India's Grocery,(720) 565-0475,http://www.livevedalife.com/,"2877 28th St, Boulder, CO 80304, USA"
India Bazaar,(972) 312-0114,http://www.indiabazaardfw.com/,"832 W Spring Creek Pkwy, Plano, TX 75023, USA"
India Bazaar,(972) 312-0114,http://www.indiabazaardfw.com/,"8600 N MacArthur Blvd, Irving, TX 75063, USA"
India Bazaar,(972) 312-0114,http://www.indiabazaardfw.com/,"8998 Preston Rd, Frisco, TX 75034, USA"
Patel Brothers Indian Grocery,(813) 558-9090,http://www.patelbros.com/,"1251 E Fowler Ave F, Tampa, FL 33612, USA"
Nina's Indian & British Groceries,(949) 583-2789,http://www.ninasgrocery.net/,"23542 El Toro Rd, Lake Forest, CA 92630, USA"
India Spices & Groceries,(323) 931-4871,,"5994 W Pico Blvd, Los Angeles, CA 90035, USA"
New India Bazar,(415) 928-4553,https://newindiabazar.stayindemand.com/shop,"1107 Polk St, San Francisco, CA 94109, USA"
PUNJAB INDIAN GROCERY STORE,(626) 576-0749,http://punjabindiastore.com/,"1300 E Main St #101, Alhambra, CA 91801, USA"
name,phone,website,address
Waddys Grocery Store,(832) 830-8067,,"1409 Robin St, Houston, TX 77019, USA"
India Mart,(713) 782-8578,http://www.indiamarthouston.com/,"5604 Hillcroft St, Houston, TX 77036, USA"
Satya Indian Grocery & Takeaway,(832) 781-4655,http://www.satyatakeout.com/,"12155 Shadow Creek Pkwy #118, Pearland, TX 77584, USA"
Touch of India,(281) 304-8559,http://touchofindiahouston.com/,"11700 Barker Cypress Rd E, Cypress, TX 77433, USA"
Sunshine indian Groceries,(818) 887-6917,http://sunshineindianplaza.com/,"Sunshine Grocery And Beauty Salon, 7518 Topanga Canyon Blvd, Canoga Park, CA 91303, USA"
Keemat Grocers,(281) 313-4343,http://www.keematgrocers.com/,"3311 Hwy 6, Sugar Land, TX 77478, USA"
Vishala Grocery III,(281) 496-7864,http://www.vishalagrocerytx.com/,"13314 Westheimer Rd, Houston, TX 77077, USA"
Best Indian Grocery & Travels,(954) 252-0011,,"9750 Griffin Rd, Cooper City, FL 33328, USA"
Bhanu's Indian Grocery & Cuisine,(626) 291-2101,http://www.mybhanu.com/,"7246 Rosemead Blvd, San Gabriel, CA 91775, USA"
Mythri Indian Groceries,(303) 993-7125,http://www.mythrigroceries.com/,"9064 Forsstrom Dr B25, Lone Tree, CO 80124, USA"
"India Spice House - Indian Restaurant and Grocery in Eden Prairie, MN",(952) 942-8010,http://www.indiaspicehouseep.com/,"8445 Joiner Way, Eden Prairie, MN 55344, USA"
India's Grocery,(720) 565-0475,http://www.livevedalife.com/,"2877 28th St, Boulder, CO 80304, USA"
India Bazaar,(972) 312-0114,http://www.indiabazaardfw.com/,"832 W Spring Creek Pkwy, Plano, TX 75023, USA"
India Bazaar,(972) 312-0114,http://www.indiabazaardfw.com/,"8600 N MacArthur Blvd, Irving, TX 75063, USA"
India Bazaar,(972) 312-0114,http://www.indiabazaardfw.com/,"8998 Preston Rd, Frisco, TX 75034, USA"
Patel Brothers Indian Grocery,(813) 558-9090,http://www.patelbros.com/,"1251 E Fowler Ave F, Tampa, FL 33612, USA"
Nina's Indian & British Groceries,(949) 583-2789,http://www.ninasgrocery.net/,"23542 El Toro Rd, Lake Forest, CA 92630, USA"
India Spices & Groceries,(323) 931-4871,,"5994 W Pico Blvd, Los Angeles, CA 90035, USA"
New India Bazar,(415) 928-4553,https://newindiabazar.stayindemand.com/shop,"1107 Polk St, San Francisco, CA 94109, USA"
PUNJAB INDIAN GROCERY STORE,(626) 576-0749,http://punjabindiastore.com/,"1300 E Main St #101, Alhambra, CA 91801, USA"
name,phone,website,address
J R Mahal Grocery,(210) 212-9397,,"1015 N Sabinas St, San Antonio, TX 78207, USA"
KP Indian Grocery,(512) 833-6222,http://www.kpindiangrocery.com/,"1212 W Parmer Ln, Austin, TX 78727, USA"
Sunshine indian Groceries,(818) 887-6917,http://sunshineindianplaza.com/,"Sunshine Grocery And Beauty Salon, 7518 Topanga Canyon Blvd, Canoga Park, CA 91303, USA"
Bhanu's Indian Grocery & Cuisine,(626) 291-2101,http://www.mybhanu.com/,"7246 Rosemead Blvd, San Gabriel, CA 91775, USA"
Best Indian Grocery & Travels,(954) 252-0011,,"9750 Griffin Rd, Cooper City, FL 33328, USA"
Mythri Indian Groceries,(303) 993-7125,http://www.mythrigroceries.com/,"9064 Forsstrom Dr B25, Lone Tree, CO 80124, USA"
"India Spice House - Indian Restaurant and Grocery in Eden Prairie, MN",(952) 942-8010,http://www.indiaspicehouseep.com/,"8445 Joiner Way, Eden Prairie, MN 55344, USA"
India's Grocery,(720) 565-0475,http://www.livevedalife.com/,"2877 28th St, Boulder, CO 80304, USA"
Nina's Indian & British Groceries,(949) 583-2789,http://www.ninasgrocery.net/,"23542 El Toro Rd, Lake Forest, CA 92630, USA"
India Bazaar,(972) 312-0114,http://www.indiabazaardfw.com/,"832 W Spring Creek Pkwy, Plano, TX 75023, USA"
India Bazaar,(972) 312-0114,http://www.indiabazaardfw.com/,"8600 N MacArthur Blvd, Irving, TX 75063, USA"
India Bazaar,(972) 312-0114,http://www.indiabazaardfw.com/,"8998 Preston Rd, Frisco, TX 75034, USA"
India Spices & Groceries,(323) 931-4871,,"5994 W Pico Blvd, Los Angeles, CA 90035, USA"
Patel Brothers Indian Grocery,(813) 558-9090,http://www.patelbros.com/,"1251 E Fowler Ave F, Tampa, FL 33612, USA"
New India Bazar,(415) 928-4553,https://newindiabazar.stayindemand.com/shop,"1107 Polk St, San Francisco, CA 94109, USA"
Apna Bazaar Indian Groceries,(602) 493-5555,http://www.apnabazaaraz.com/,"3607 E Bell Rd #2, Phoenix, AZ 85032, USA"
PUNJAB INDIAN GROCERY STORE,(626) 576-0749,http://punjabindiastore.com/,"1300 E Main St #101, Alhambra, CA 91801, USA"
India Bazaar,(972) 312-0114,http://www.indiabazaardfw.com/,"1425 E Belt Line Rd, Richardson, TX 75081, USA"
India Bazaar,(972) 312-0114,http://www.indiabazaardfw.com/,"535 W Airport Fwy, Irving, TX 75062, USA"
Indian Groceries & Spices,(414) 771-3535,http://wisindians.com/igs,"10701 W North Ave, Milwaukee, WI 53226, USA"
name,phone,website,address
Patel Brothers,(317) 578-2400,http://www.patelbros.com/locations.html,"6302 E 82nd St, Indianapolis, IN 46250, USA"
Patel Brothers,(502) 499-9791,http://www.patelbros.com/,"1850 S Hurstbourne Pkwy, Louisville, KY 40220, USA"
Patel Brothers,(317) 293-8345,http://www.patelbros.com/,"4150 Lafayette Rd, Indianapolis, IN 46254, USA"
Swagat Indian Grocery Store,(317) 846-1700,http://www.indyswagathgrocery.com/,"8329 N Michigan Rd, Indianapolis, IN 46240, USA"
House of India,(219) 322-3843,,"827 Main St, Schererville, IN 46375, USA"
Annapurna Indian Grocery,(708) 423-3366,,"4951 95th St, Oak Lawn, IL 60453, USA"
A1 Indian Groceries,(630) 960-4900,,"6601 Cass Ave, Westmont, IL 60559, USA"
Mayuri Mini Mart Indian Grocery,(630) 357-1738,,"790 Royal St George Dr #145, Naperville, IL 60563, USA"
Patel Brothers,(773) 262-7777,http://www.patelbros.com/,"2610 W Devon Ave, Chicago, IL 60659, USA"
Oberoi's Indian Food & Grocery,(773) 688-8676,http://www.oberoisfoodchicago.com/,"255 W 31st St, Chicago, IL 60616, USA"
Suchir,(630) 920-0115,,"669 N Cass Ave, Westmont, IL 60559, USA"
Nayab Mart,(773) 262-9200,http://www.nayabmart.com/,"2449 W Devon Ave, Chicago, IL 60659, USA"
Spice Mart,(630) 305-4347,http://myspicemart.com/,"1552 N Aurora Rd # 114, Naperville, IL 60563, USA"
Nayab Mart,(630) 585-5858,http://www.nayabmart.com/,"3577 E New York St, Aurora, IL 60504, USA"
Southern Spices,(630) 579-9990,http://www.southern-spices.com/,"2959 Artesian Rd, Naperville, IL 60564, USA"
Metro Spice Mart,(312) 877-5058,http://metrospicemart.com/en/,"229 S Jefferson St, Chicago, IL 60661, USA"
Annapoorna stores,(217) 355-5215,http://www.annapoornastore.com/,"505 S Neil St #11, Champaign, IL 61820, USA"
Jagdeep's Indian Grocery,(513) 961-2699,,"270 Ludlow Ave, Cincinnati, OH 45220, USA"
Patel Brothers,(513) 769-0400,http://www.patelbros.com/,"11985 Lebanon Rd, Sharonville, OH 45241, USA"
Indian Groceries & Spices,(847) 674-2480,http://niravproducts.com/,"8051 Central Park Ave, Skokie, IL 60076, USA"
name,phone,website,address
Monroe Convenience Store & Nepali/Indian Groceries,(704) 568-7995,,"4726 Monroe Rd, Charlotte, NC 28205, USA"
Payal Indian Groceries & Spices,(704) 553-6863,http://payalindiangroceries.com/,"6233 South Blvd, Charlotte, NC 28217, USA"
India Grocers,(704) 597-9933,http://www.indiagrocersnc.com/,"8215 University City Blvd, Charlotte, NC 28213, USA"
Sunshine indian Groceries,(818) 887-6917,http://sunshineindianplaza.com/,"Sunshine Grocery And Beauty Salon, 7518 Topanga Canyon Blvd, Canoga Park, CA 91303, USA"
Patel Brothers,(704) 540-2013,http://www.patelbros.com/,"10701 Centrum Pkwy, Pineville, NC 28134, USA"
OM INDIAN GROCERIES,(336) 794-8000,http://www.omindiangroceries.net/,"1575 Hanes Mall Blvd, Winston-Salem, NC 27103, USA"
name,phone,website,address
City Market,(901) 729-6152,http://www.citymarketmemphis.com/,"66 S Main St, Memphis, TN 38103, USA"
Spice Market of India,(662) 510-5744,http://www.spicemarketofindia.com/,"1215 Main St, Southaven, MS 38671, USA"
Apna Bazar - Indian Grocery and Halal Meat,(901) 779-2184,https://www.facebook.com/apnabazartennessee/,"3750 S Houston Levee Rd #107, Collierville, TN 38017, USA"
Sam's Indian Grocery,(901) 850-9330,http://samsindiangrocery.com/,"305 New Byhalia Rd #103, Collierville, TN 38017, USA"
Sunshine indian Groceries,(818) 887-6917,http://sunshineindianplaza.com/,"Sunshine Grocery And Beauty Salon, 7518 Topanga Canyon Blvd, Canoga Park, CA 91303, USA"
Best Indian Grocery & Travels,(954) 252-0011,,"9750 Griffin Rd, Cooper City, FL 33328, USA"
Bhanu's Indian Grocery & Cuisine,(626) 291-2101,http://www.mybhanu.com/,"7246 Rosemead Blvd, San Gabriel, CA 91775, USA"
"India Spice House - Indian Restaurant and Grocery in Eden Prairie, MN",(952) 942-8010,http://www.indiaspicehouseep.com/,"8445 Joiner Way, Eden Prairie, MN 55344, USA"
Mythri Indian Groceries,(303) 993-7125,http://www.mythrigroceries.com/,"9064 Forsstrom Dr B25, Lone Tree, CO 80124, USA"
India's Grocery,(720) 565-0475,http://www.livevedalife.com/,"2877 28th St, Boulder, CO 80304, USA"
Patel Brothers Indian Grocery,(813) 558-9090,http://www.patelbros.com/,"1251 E Fowler Ave F, Tampa, FL 33612, USA"
India Bazaar,(972) 312-0114,http://www.indiabazaardfw.com/,"832 W Spring Creek Pkwy, Plano, TX 75023, USA"
India Bazaar,(972) 312-0114,http://www.indiabazaardfw.com/,"8600 N MacArthur Blvd, Irving, TX 75063, USA"
India Bazaar,(972) 312-0114,http://www.indiabazaardfw.com/,"8998 Preston Rd, Frisco, TX 75034, USA"
Indian Groceries & Spices,(414) 771-3535,http://wisindians.com/igs,"10701 W North Ave, Milwaukee, WI 53226, USA"
Nina's Indian & British Groceries,(949) 583-2789,http://www.ninasgrocery.net/,"23542 El Toro Rd, Lake Forest, CA 92630, USA"
Indian Grocery,(803) 750-9751,http://indiangrocerysc.com/,"125 Outlet Pointe Blvd, Columbia, SC 29210, USA"
Indian Grocery Store,(330) 928-7060,,"2619 Bailey Rd, Cuyahoga Falls, OH 44221, USA"
Arrow Indian Grocery,(847) 243-4999,https://www.facebook.com/ArrowIndianGrocery,"21 N Buffalo Grove Rd, Buffalo Grove, IL 60089, USA"
India Spices & Groceries,(323) 931-4871,,"5994 W Pico Blvd, Los Angeles, CA 90035, USA"
name,phone,website,address
The Souk,(206) 441-1666,,"1916 Pike Pl #11, Seattle, WA 98101, USA"
Pakistani Indian Grocery,(206) 368-7323,,"12325 Roosevelt Way NE, Seattle, WA 98125, USA"
India Supermarket,(425) 644-4400,http://www.cheenibori.com/,"14625 NE 20th St, Bellevue, WA 98007, USA"
Mayuri Foods & Video,(425) 861-3800,http://www.mayurifamily.com/,"2560 152nd Ave NE G, Redmond, WA 98052, USA"
Swagath Food & Groceries,(425) 214-5800,,"14504 NE 20th St, Bellevue, WA 98007, USA"
Shalimar Grocery,(425) 881-7487,,"16541 Redmond Way, Redmond, WA 98052, USA"
Maurya Indian Grocery & Cafe,(425) 357-7148,http://www.issaquahindiangroceries.com/,"385 NW Gilman Blvd, Issaquah, WA 98027, USA"
Southsea Grocery,(206) 624-8371,,"917 E Jefferson St, Seattle, WA 98122, USA"
Sunshine indian Groceries,(818) 887-6917,http://sunshineindianplaza.com/,"Sunshine Grocery And Beauty Salon, 7518 Topanga Canyon Blvd, Canoga Park, CA 91303, USA"
Pabla Indian Cuisine,(425) 228-4625,http://www.pablaindian.com/,"364 Renton Center Way SW C60, Renton, WA 98057, USA"
Indian Cash & Carry,(206) 706-0326,,"7819 Aurora Ave N, Seattle, WA 98103, USA"
Bhanu's Indian Grocery & Cuisine,(626) 291-2101,http://www.mybhanu.com/,"7246 Rosemead Blvd, San Gabriel, CA 91775, USA"
Oriental Mart,(206) 622-8488,,"1506 Pike Pl. #509, Seattle, WA 98101, USA"
New India Bazar,(415) 928-4553,https://newindiabazar.stayindemand.com/shop,"1107 Polk St, San Francisco, CA 94109, USA"
India Spices & Groceries,(323) 931-4871,,"5994 W Pico Blvd, Los Angeles, CA 90035, USA"
India's Grocery,(720) 565-0475,http://www.livevedalife.com/,"2877 28th St, Boulder, CO 80304, USA"
Nina's Indian & British Groceries,(949) 583-2789,http://www.ninasgrocery.net/,"23542 El Toro Rd, Lake Forest, CA 92630, USA"
Mythri Indian Groceries,(303) 993-7125,http://www.mythrigroceries.com/,"9064 Forsstrom Dr B25, Lone Tree, CO 80124, USA"
"India Spice House - Indian Restaurant and Grocery in Eden Prairie, MN",(952) 942-8010,http://www.indiaspicehouseep.com/,"8445 Joiner Way, Eden Prairie, MN 55344, USA"
PUNJAB INDIAN GROCERY STORE,(626) 576-0749,http://punjabindiastore.com/,"1300 E Main St #101, Alhambra, CA 91801, USA"
name,phone,website,address
Tejal India Grocery,(303) 450-4164,,"10351 Grant St #6, Thornton, CO 80229, USA"
Sri Balaji -Indian Grocery (Old name Was- Vishnu Spices),(303) 999-0099,http://sbindiangrocery.com/,"9555 E Arapahoe Rd, Greenwood Village, CO 80112, USA"
"Sri Balaji ( Indian Grocery ) - Greenwood Village, CO",(303) 999-0099,http://www.sribalajigroceries.com/,"9555 E Arapahoe Rd #9, Greenwood Village, CO 80112, USA"
SV Groceries,(303) 459-4929,http://www.svgroceries.com/,"7600 Park Meadows Dr STE 1200, Lone Tree, CO 80124, USA"
Mythri Indian Groceries,(303) 993-7125,http://www.mythrigroceries.com/,"9064 Forsstrom Dr B25, Lone Tree, CO 80124, USA"
India's Grocery,(720) 565-0475,http://www.livevedalife.com/,"2877 28th St, Boulder, CO 80304, USA"
Sunshine indian Groceries,(818) 887-6917,http://sunshineindianplaza.com/,"Sunshine Grocery And Beauty Salon, 7518 Topanga Canyon Blvd, Canoga Park, CA 91303, USA"
SV Groceries 2 Indian Food and Spices,(303) 485-8770,https://www.facebook.com/svgroceries2,"2055 Ken Pratt Blvd, Longmont, CO 80501, USA"
Spice N Rice,(303) 719-9991,http://www.spicenriceco.com/,"15468 E Orchard Rd, Centennial, CO 80016, USA"
My India's,(303) 466-0800,,"1000 Depot Hill Rd, Broomfield, CO 80020, USA"
Taste of India Grocery,(719) 268-9006,,"4836 Flintridge Dr, Colorado Springs, CO 80918, USA"
Safeway,(303) 861-8169,http://local.safeway.com/co/denver-2246.html?utm_source=G&utm_medium=Maps&utm_campaign=G+Places,"757 E 20th Ave, Denver, CO 80205, USA"
Bhanu's Indian Grocery & Cuisine,(626) 291-2101,http://www.mybhanu.com/,"7246 Rosemead Blvd, San Gabriel, CA 91775, USA"
Turmeric Indian Grocery,(970) 682-2691,http://www.facebook.com/turmericgroceries,"902 W Drake Rd #11, Fort Collins, CO 80526, USA"
Namaste Int'l Groceries,(303) 832-3161,,"1201 E Colfax Ave, Denver, CO 80218, USA"
name,phone,website,address
Shalimar Grocery,(425) 881-7487,,"16541 Redmond Way, Redmond, WA 98052, USA"
India Supermarket,(425) 644-4400,http://www.cheenibori.com/,"14625 NE 20th St, Bellevue, WA 98007, USA"
Pakistani Indian Grocery,(206) 368-7323,,"12325 Roosevelt Way NE, Seattle, WA 98125, USA"
Sunshine indian Groceries,(818) 887-6917,http://sunshineindianplaza.com/,"Sunshine Grocery And Beauty Salon, 7518 Topanga Canyon Blvd, Canoga Park, CA 91303, USA"
Bhanu's Indian Grocery & Cuisine,(626) 291-2101,http://www.mybhanu.com/,"7246 Rosemead Blvd, San Gabriel, CA 91775, USA"
Maurya Indian Grocery & Cafe,(425) 357-7148,http://www.issaquahindiangroceries.com/,"385 NW Gilman Blvd, Issaquah, WA 98027, USA"
"India Spice House - Indian Restaurant and Grocery in Eden Prairie, MN",(952) 942-8010,http://www.indiaspicehouseep.com/,"8445 Joiner Way, Eden Prairie, MN 55344, USA"
New India Bazar,(415) 928-4553,https://newindiabazar.stayindemand.com/shop,"1107 Polk St, San Francisco, CA 94109, USA"
India's Grocery,(720) 565-0475,http://www.livevedalife.com/,"2877 28th St, Boulder, CO 80304, USA"
Best Indian Grocery & Travels,(954) 252-0011,,"9750 Griffin Rd, Cooper City, FL 33328, USA"
India Spices & Groceries,(323) 931-4871,,"5994 W Pico Blvd, Los Angeles, CA 90035, USA"
Mythri Indian Groceries,(303) 993-7125,http://www.mythrigroceries.com/,"9064 Forsstrom Dr B25, Lone Tree, CO 80124, USA"
Nina's Indian & British Groceries,(949) 583-2789,http://www.ninasgrocery.net/,"23542 El Toro Rd, Lake Forest, CA 92630, USA"
Swagath Food & Groceries,(425) 214-5800,,"14504 NE 20th St, Bellevue, WA 98007, USA"
PUNJAB INDIAN GROCERY STORE,(626) 576-0749,http://punjabindiastore.com/,"1300 E Main St #101, Alhambra, CA 91801, USA"
Seema Enterprises (Indian Grocery) & Seema World Travel Inc,(314) 423-9990,https://www.facebook.com/pageseema/,"10635 Page Ave, St. Louis, MO 63132, USA"
Apna Bazaar Indian Groceries,(602) 493-5555,http://www.apnabazaaraz.com/,"3607 E Bell Rd #2, Phoenix, AZ 85032, USA"
Arrow Indian Grocery,(847) 243-4999,https://www.facebook.com/ArrowIndianGrocery,"21 N Buffalo Grove Rd, Buffalo Grove, IL 60089, USA"
India Bazaar,(972) 312-0114,http://www.indiabazaardfw.com/,"832 W Spring Creek Pkwy, Plano, TX 75023, USA"
India Bazaar,(972) 312-0114,http://www.indiabazaardfw.com/,"8600 N MacArthur Blvd, Irving, TX 75063, USA"
name,phone,website,address
Annapurna Grocery Store,(443) 948-5131,,"326 N Charles St, Baltimore, MD 21201, USA"
APNA DESH Indian Grocery Store,(410) 687-1222,,"8300 Pulaski Hwy, Rosedale, MD 21237, USA"
SS Indian Grocery,(410) 312-2929,http://ssindiangrocery.com/,"8865 Stanford Blvd # 133, Lakeside Retail, Columbia, MD 21045, USA"
India A1 Grocery,(703) 841-9626,,"4815 Lee Hwy, Arlington, VA 22207, USA"
Everest Indian Grocery Store,(717) 299-2624,,"1621 Columbia Ave, Lancaster, PA 17603, USA"
Indian Spices,(703) 532-1777,http://www.shopindianspices.com/,"1067 W Broad St B, Falls Church, VA 22046, USA"
Everest Indian Grocery Store,(302) 475-4475,,"54 Carpenter Plaza, Wilmington, DE 19810, USA"
Shri Krishna Grocery,(703) 569-8885,http://shrikrishnagrocery.com/,"7012 Brookfield Plaza, Springfield, VA 22150, USA"
Po Tung Oriental Grocery,(410) 962-1510,,"321 Park Ave, Baltimore, MD 21201, USA"
Akshay Indian Grocery,(484) 684-6733,http://akshayindiangrocery.com/,"2431 W Main St, Norristown, PA 19403, USA"
Sunshine indian Groceries,(818) 887-6917,http://sunshineindianplaza.com/,"Sunshine Grocery And Beauty Salon, 7518 Topanga Canyon Blvd, Canoga Park, CA 91303, USA"
Himalayan Indian Grocery,(610) 524-3100,http://himalayanpa.com/,"29 Marchwood Rd, Exton, PA 19341, USA"
Best Indian Grocery & Travels,(954) 252-0011,,"9750 Griffin Rd, Cooper City, FL 33328, USA"
Bhanu's Indian Grocery & Cuisine,(626) 291-2101,http://www.mybhanu.com/,"7246 Rosemead Blvd, San Gabriel, CA 91775, USA"
Indian Grocery Store,(330) 928-7060,,"2619 Bailey Rd, Cuyahoga Falls, OH 44221, USA"
"India Spice House - Indian Restaurant and Grocery in Eden Prairie, MN",(952) 942-8010,http://www.indiaspicehouseep.com/,"8445 Joiner Way, Eden Prairie, MN 55344, USA"
Indian Groceries & Spices,(414) 771-3535,http://wisindians.com/igs,"10701 W North Ave, Milwaukee, WI 53226, USA"
Royal India Grocery,(610) 540-0252,,"122 Lancaster Ave, Malvern, PA 19355, USA"
Seema Enterprises (Indian Grocery) & Seema World Travel Inc,(314) 423-9990,https://www.facebook.com/pageseema/,"10635 Page Ave, St. Louis, MO 63132, USA"
spices of india & middle eastern groceries,(803) 772-1880,http://www.spicesofindiasc.com/,"544 St Andrews Rd, Columbia, SC 29210, USA"
name,phone,website,address
Sunshine indian Groceries,(818) 887-6917,http://sunshineindianplaza.com/,"Sunshine Grocery And Beauty Salon, 7518 Topanga Canyon Blvd, Canoga Park, CA 91303, USA"
Best Indian Grocery & Travels,(954) 252-0011,,"9750 Griffin Rd, Cooper City, FL 33328, USA"
Bhanu's Indian Grocery & Cuisine,(626) 291-2101,http://www.mybhanu.com/,"7246 Rosemead Blvd, San Gabriel, CA 91775, USA"
"India Spice House - Indian Restaurant and Grocery in Eden Prairie, MN",(952) 942-8010,http://www.indiaspicehouseep.com/,"8445 Joiner Way, Eden Prairie, MN 55344, USA"
India's Grocery,(720) 565-0475,http://www.livevedalife.com/,"2877 28th St, Boulder, CO 80304, USA"
Mythri Indian Groceries,(303) 993-7125,http://www.mythrigroceries.com/,"9064 Forsstrom Dr B25, Lone Tree, CO 80124, USA"
Seema Enterprises (Indian Grocery) & Seema World Travel Inc,(314) 423-9990,https://www.facebook.com/pageseema/,"10635 Page Ave, St. Louis, MO 63132, USA"
India Spices & Groceries,(323) 931-4871,,"5994 W Pico Blvd, Los Angeles, CA 90035, USA"
Arrow Indian Grocery,(847) 243-4999,https://www.facebook.com/ArrowIndianGrocery,"21 N Buffalo Grove Rd, Buffalo Grove, IL 60089, USA"
India Bazaar,(972) 312-0114,http://www.indiabazaardfw.com/,"832 W Spring Creek Pkwy, Plano, TX 75023, USA"
India Bazaar,(972) 312-0114,http://www.indiabazaardfw.com/,"8600 N MacArthur Blvd, Irving, TX 75063, USA"
India Bazaar,(972) 312-0114,http://www.indiabazaardfw.com/,"8998 Preston Rd, Frisco, TX 75034, USA"
New India Bazar,(415) 928-4553,https://newindiabazar.stayindemand.com/shop,"1107 Polk St, San Francisco, CA 94109, USA"
Nina's Indian & British Groceries,(949) 583-2789,http://www.ninasgrocery.net/,"23542 El Toro Rd, Lake Forest, CA 92630, USA"
Our Place Indian Grocery,(913) 451-0008,http://www.ruchicuisine.com/our-place-indian-grocery.html,"11170 Antioch Rd, Overland Park, KS 66210, USA"
Patel Brothers Indian Grocery,(813) 558-9090,http://www.patelbros.com/,"1251 E Fowler Ave F, Tampa, FL 33612, USA"
Indian Groceries & Spices,(414) 771-3535,http://wisindians.com/igs,"10701 W North Ave, Milwaukee, WI 53226, USA"
spices of india & middle eastern groceries,(803) 772-1880,http://www.spicesofindiasc.com/,"544 St Andrews Rd, Columbia, SC 29210, USA"
PUNJAB INDIAN GROCERY STORE,(626) 576-0749,http://punjabindiastore.com/,"1300 E Main St #101, Alhambra, CA 91801, USA"
Indian Grocery Store,(515) 770-1213,https://www.facebook.com/Indian-grocery-store-1447643475511168/,"6630 Mills Civic Pkwy, West Des Moines, IA 50266, USA"
name,phone,website,address
Tulsi Indian Groceries,(402) 330-8575,https://www.facebook.com/TulsiIndianGroceries,"13021 Arbor St, Omaha, NE 68144, USA"
Subzi Mundi,(402) 390-2348,,"2320 N 72nd St, Omaha, NE 68134, USA"
Asian Market,(402) 391-2606,http://asianmarketomaha.com/,"321 N 76th St, Omaha, NE 68114, USA"
Sunshine indian Groceries,(818) 887-6917,http://sunshineindianplaza.com/,"Sunshine Grocery And Beauty Salon, 7518 Topanga Canyon Blvd, Canoga Park, CA 91303, USA"
Suji's Indian Grocery,(402) 858-6420,http://www.sujisindiangrocery.com/,"3140 O St, Lincoln, NE 68510, USA"
Bhanu's Indian Grocery & Cuisine,(626) 291-2101,http://www.mybhanu.com/,"7246 Rosemead Blvd, San Gabriel, CA 91775, USA"
"India Spice House - Indian Restaurant and Grocery in Eden Prairie, MN",(952) 942-8010,http://www.indiaspicehouseep.com/,"8445 Joiner Way, Eden Prairie, MN 55344, USA"
Mythri Indian Groceries,(303) 993-7125,http://www.mythrigroceries.com/,"9064 Forsstrom Dr B25, Lone Tree, CO 80124, USA"
Subzi Mundi,(402) 933-4474,,"Omaha, NE 68154, USA"
Best Indian Grocery & Travels,(954) 252-0011,,"9750 Griffin Rd, Cooper City, FL 33328, USA"
India's Grocery,(720) 565-0475,http://www.livevedalife.com/,"2877 28th St, Boulder, CO 80304, USA"
Nina's Indian & British Groceries,(949) 583-2789,http://www.ninasgrocery.net/,"23542 El Toro Rd, Lake Forest, CA 92630, USA"
Global Foods Imported,(402) 614-1083,,"1533 N Saddle Creek Rd, Omaha, NE 68104, USA"
Indian Grocery & Video,(402) 391-0844,,"3029 S 83rd Plaza, Omaha, NE 68124, USA"
name,phone,website,address
Little India International Market,(612) 789-8800,https://m.facebook.com/pages/Little-India-International-Market/124288487724284,"1835 Central Ave NE, Minneapolis, MN 55418, USA"
"India Spice House - Indian Restaurant and Grocery in Eden Prairie, MN",(952) 942-8010,http://www.indiaspicehouseep.com/,"8445 Joiner Way, Eden Prairie, MN 55344, USA"
India Bazaar,(763) 553-7993,http://www.indiabazaarmn.com/,"3355 Plymouth Blvd, Minneapolis, MN 55447, USA"
Pooja Grocers,(763) 571-1899,https://m.facebook.com/Pooja-Grocers-147897268563597/,"855 45th Ave NE, Hilltop, MN 55421, USA"
Poornanand Foods,(952) 232-6534,http://www.poornanand.com/,"8773 Columbine Rd, Eden Prairie, MN 55344, USA"
Sunshine indian Groceries,(818) 887-6917,http://sunshineindianplaza.com/,"Sunshine Grocery And Beauty Salon, 7518 Topanga Canyon Blvd, Canoga Park, CA 91303, USA"
Bhanu's Indian Grocery & Cuisine,(626) 291-2101,http://www.mybhanu.com/,"7246 Rosemead Blvd, San Gabriel, CA 91775, USA"
Best Indian Grocery & Travels,(954) 252-0011,,"9750 Griffin Rd, Cooper City, FL 33328, USA"
India's Grocery,(720) 565-0475,http://www.livevedalife.com/,"2877 28th St, Boulder, CO 80304, USA"
Mythri Indian Groceries,(303) 993-7125,http://www.mythrigroceries.com/,"9064 Forsstrom Dr B25, Lone Tree, CO 80124, USA"
Indian Groceries & Spices,(414) 771-3535,http://wisindians.com/igs,"10701 W North Ave, Milwaukee, WI 53226, USA"
Arrow Indian Grocery,(847) 243-4999,https://www.facebook.com/ArrowIndianGrocery,"21 N Buffalo Grove Rd, Buffalo Grove, IL 60089, USA"
India Bazaar,(972) 312-0114,http://www.indiabazaardfw.com/,"832 W Spring Creek Pkwy, Plano, TX 75023, USA"
India Bazaar,(972) 312-0114,http://www.indiabazaardfw.com/,"8998 Preston Rd, Frisco, TX 75034, USA"
India Bazaar,(972) 312-0114,http://www.indiabazaardfw.com/,"8600 N MacArthur Blvd, Irving, TX 75063, USA"
India Spices & Groceries,(323) 931-4871,,"5994 W Pico Blvd, Los Angeles, CA 90035, USA"
New India Bazar,(415) 928-4553,https://newindiabazar.stayindemand.com/shop,"1107 Polk St, San Francisco, CA 94109, USA"
Indian Grocery Store,(330) 928-7060,,"2619 Bailey Rd, Cuyahoga Falls, OH 44221, USA"
Nina's Indian & British Groceries,(949) 583-2789,http://www.ninasgrocery.net/,"23542 El Toro Rd, Lake Forest, CA 92630, USA"
Troy Indian Groceries,(248) 526-0427,,"61 E Maple Rd, Troy, MI 48083, USA"
name,phone,website,address
Patel Brothers Indian Grocery,(813) 558-9090,http://www.patelbros.com/,"1251 E Fowler Ave F, Tampa, FL 33612, USA"
Kiran Indian Grocery,(813) 994-6202,https://m.facebook.com/kiranindiangrocery,"10042 Cross Creek Blvd, Tampa, FL 33647, USA"
Sunshine indian Groceries,(818) 887-6917,http://sunshineindianplaza.com/,"Sunshine Grocery And Beauty Salon, 7518 Topanga Canyon Blvd, Canoga Park, CA 91303, USA"
Best Indian Grocery & Travels,(954) 252-0011,,"9750 Griffin Rd, Cooper City, FL 33328, USA"
Spiceland Indian Grocery Store,(407) 829-2440,http://www.spicelandstore.com/,"870 S Sun Dr #1072, Lake Mary, FL 32746, USA"
Indian Grocery Store & Restaurant,(239) 936-2123,https://www.facebook.com/indiangroceryfortmyers,"3853 S Cleveland Ave #6, Fort Myers, FL 33901, USA"
"India Spice House - Indian Restaurant and Grocery in Eden Prairie, MN",(952) 942-8010,http://www.indiaspicehouseep.com/,"8445 Joiner Way, Eden Prairie, MN 55344, USA"
spices of india & middle eastern groceries,(803) 772-1880,http://www.spicesofindiasc.com/,"544 St Andrews Rd, Columbia, SC 29210, USA"
Chand's West Indian Groceries,(407) 299-4087,,"2623 N Pine Hills Rd, Orlando, FL 32808, USA"
name,phone,website,address
Chand's West Indian Groceries,(407) 299-4087,,"2623 N Pine Hills Rd, Orlando, FL 32808, USA"
Spiceland Indian Grocery Store,(407) 829-2440,http://www.spicelandstore.com/,"870 S Sun Dr #1072, Lake Mary, FL 32746, USA"
Patel Brothers,(407) 816-0070,http://www.patelbros.com/,"1750 W Sand Lake Rd, Orlando, FL 32809, USA"
Sunshine indian Groceries,(818) 887-6917,http://sunshineindianplaza.com/,"Sunshine Grocery And Beauty Salon, 7518 Topanga Canyon Blvd, Canoga Park, CA 91303, USA"
Patel Brothers Indian Grocery,(813) 558-9090,http://www.patelbros.com/,"1251 E Fowler Ave F, Tampa, FL 33612, USA"
Kiran Indian Grocery,(813) 994-6202,https://m.facebook.com/kiranindiangrocery,"10042 Cross Creek Blvd, Tampa, FL 33647, USA"
Eli's West Indian Grocery,(321) 952-9339,,"5108 NW Minton Rd # 5, Palm Bay, FL 32907, USA"
Best India,(321) 914-0876,http://www.bestindiafl.com/,"205 S Wickham Rd, Melbourne, FL 32904, USA"
Sagar Indian Grocery,(352) 861-1927,,"3405 SW College Rd # 209, Ocala, FL 34474, USA"
Best Indian Grocery & Travels,(954) 252-0011,,"9750 Griffin Rd, Cooper City, FL 33328, USA"
Patel Brothers,(781) 893-1003,http://www.patelbros.com/,"425 Moody St, Waltham, MA 02453, USA"
Publix Super Market at Plaza Venezia,(407) 226-3315,http://www.publix.com/,"7640 W Sand Lake Rd, Orlando, FL 32819, USA"
Publix Super Market at The Paramount on Lake Eola,(407) 872-7201,http://www.publix.com/,"400 E Central Blvd, Orlando, FL 32801, USA"
Patel Brothers,(615) 833-1555,http://www.patelbros.com/,"4043 Nolensville Pike, Nashville, TN 37211, USA"
Patel Brothers,(718) 898-3445,http://www.patelbros.com/,"37-27 74th Street, Jackson Heights, NY 11372, USA"
Patel Brothers,(972) 570-2504,http://www.patelbros.com/,"1009 W Rochelle Rd, Irving, TX 75062, USA"
Indian Grocery Store,(330) 928-7060,,"2619 Bailey Rd, Cuyahoga Falls, OH 44221, USA"
"India Spice House - Indian Restaurant and Grocery in Eden Prairie, MN",(952) 942-8010,http://www.indiaspicehouseep.com/,"8445 Joiner Way, Eden Prairie, MN 55344, USA"
Indian Groceries & Spices,(414) 771-3535,http://wisindians.com/igs,"10701 W North Ave, Milwaukee, WI 53226, USA"
Bhanu's Indian Grocery & Cuisine,(626) 291-2101,http://www.mybhanu.com/,"7246 Rosemead Blvd, San Gabriel, CA 91775, USA"
